 ;  A;  C;  D;   E;  F;  G;  H;  I;  K;  L;  M;  N;  P;  Q;  R;  S;   T;  V;  W;  Y
A;  0;  0;  0;   0;  0;  2;  0;  0; 16;  0;  0;  1;  1;  0;  1;  0;   0;  1;  0;  0
C;  0; 22;  0;   0;  0;  0;  0;  0;  0;  0;  0;  0;  0;  0;  0;  0;   0;  0;  0;  0
D;  0;  0;  0;  26;  0;  4; 10;  0; 44;  8;  1;  1;  2;  8; 99; 37;  12;  0;  0; 44
E;  0;  0; 26;  48;  5;  0; 26;  0; 25;  1;  0;  2;  6; 13; 73; 24; 171;  0;  2; 23
F;  0;  0;  0;   5;  0;  0;  0;  0;  1;  0;  0; 19;  2;  0;  4;  0;   0;  1;  1;  0
G;  2;  0;  4;   0;  0;  0;  0;  0;  2;  0;  0;  0;  1;  1;  0;  0;   5;  0;  0;  5
H;  0;  0; 10;  26;  0;  0;  2;  0;  0;  0;  0; 11;  0;  5;  3;  0;   5;  9;  0; 14
I;  0;  0;  0;   0;  0;  0;  0;  0;  0;  1;  0;  0;  0;  0;  5;  0;   0;  3;  0;  1
K; 16;  0; 44;  25;  1;  2;  0;  0;  2;  2;  0;  4;  1;  6;  2;  2;  11;  0;  0; 14
L;  0;  0;  8;   1;  0;  0;  0;  1;  2;  0;  0;  0;  0;  0;  3;  2;   0;  0;  3;  4
M;  0;  0;  1;   0;  0;  0;  0;  0;  0;  0;  2;  1;  0;  0;  0;  4;   3;  1;  4;  4
N;  1;  0;  1;   2; 19;  0; 11;  0;  4;  0;  1;  2;  0;  3; 44;  4;   2;  0;  2;  1
P;  1;  0;  2;   6;  2;  1;  0;  0;  1;  0;  0;  0;  0;  0;  1;  3;   0;  1;  0;  0
Q;  0;  0;  8;  13;  0;  1;  5;  0;  6;  0;  0;  3;  0;  8; 23;  8;   8;  0;  0;  9
R;  1;  0; 99;  73;  4;  0;  3;  5;  2;  3;  0; 44;  1; 23; 20; 10;  13;  1;  0;  4
S;  0;  0; 37;  24;  0;  0;  0;  0;  2;  2;  4;  4;  3;  8; 10;  4;   2;  0;  1; 12
T;  0;  0; 12; 171;  0;  5;  5;  0; 11;  0;  3;  2;  0;  8; 13;  2;   6;  0;  0;  0
V;  1;  0;  0;   0;  1;  0;  9;  3;  0;  0;  1;  0;  1;  0;  1;  0;   0;  0;  0;  2
W;  0;  0;  0;   2;  1;  0;  0;  0;  0;  3;  4;  2;  0;  0;  0;  1;   0;  0;  0;  0
Y;  0;  0; 44;  23;  0;  5; 14;  1; 14;  4;  4;  1;  0;  9;  4; 12;   0;  2;  0;  2